author,commit_count
01-vyom,1
0urobor0s,1
101AlexMartin,2
1cph93,1
211217613,1
2357juan,7
2maz,1
3lLobo,1
7ayushgupta,1
99991,1
9Y5,1
A-H-Mansoury,1
ABHIGPT401,1
AWNystrom,2
AWinterman,18
Abdur-rahmaanJ,3
Abo7atm,1
AcylSilane,1
AdamSpannbauer,1
AdarshWase,1
AdityaDaflapurkar,1
Aerlinger,5
Ahmedbgh,1
AikoChou,1
AishwaryaRK,2
Ajackster,2
Akshay0724,3
Ala-Na,1
AlekLefebvre,2
AlessandroMiola,2
Alexander-Minyushkin,1
Alexander-N,1
AlexanderFabisch,92
AlexandreAbraham,3
AlexandreSev,1
Alexis-IMBERT,1
AlexisMignon,8
Alexlandeau,1
Aloqeely,2
AmarCodes-22,7
Anavelyz,1
AndreaCatalucci,2
Andrew-Wang-IB45,1
Andrew-peng,1
AndrewWalker,1
AniketP04,1
AnishShah,2
Ankit810,6
Anthony22-dev,1
Anubhav2000,1
Anurag-Varma,1
ApproximateIdentity,4
AraiKensuke,1
Aravindh-Raju,2
ArthDh,2
ArturoAmorQ,69
Ashish013,1
Ashvith10,1
AssiaBen,2
Aswathavicky,1
Attractadore,5
AutoViML,1
AymericBasset,1
Azariagmt,1
BBloggsbott,1
BHolmes92,1
BabaYaga1221,1
Badr-MOUFAD,2
Balu-Varanasi,21
BaptBillard,1
BardiyaAk,1
BarkleyBG,1
BasilBeirouti,2
Batalex,5
BdeGraaff,1
Ben3940,3
BenjaminBossan,3
BenjaminLiuPenrose,1
Bibyutatsu,1
BioGeek,1
Blaizzy,2
Bncer,2
BoboTiG,1
Borda,1
BrandonLiang,1
Bunkus1,1
CYHSM,1
CaMeLCa5e,4
CaileanCarter,1
Carreau,2
Cartman0,1
CaselIT,2
CastaChick,1
CatChenal,3
CateGitau,1
CeeThinwa,2
Celeo,1
Cemlyn,1
ChVeen,16
ChamRoshi,1
Charlie-XIAO,104
Cheukting,1
Choudhry-Shaharyar,1
Christian-Hirsch,1
ChuliangXiao,1
CirQ,1
ClashTheBunny,1
ClaudioSalvatoreArcidiacono,4
ClemDoum,1
ClimbsRocks,11
CloseChoice,2
Clyde-fare,1
CoMartel,1
CoderPat,1
Connerrrrr,1
Cristinamulas,1
DGrady,1
Da-Lan,1
DaGuich,1
DaminK,1
DanGonite57,1
DanielMorales9,1
DanielWeitzenfeld,1
DanilBaibak,3
DarshanGowda0,1
DatenBergwerker,1
DatenBiene,13
DavidBreuer,1
DavidKatz-il,1
DayneSorvisto,1
DeaMariaLeon,5
Deborah-Digges,1
Denbergvanthijs,1
DennisOsei,3
DerWeh,2
Derrreks,1
DessyVV,1
Dev-Akash,1
Dev-Khant,1
Dev514,3
DevanshKyada27,1
DhanshreeA,2
Diadochokinetic,4
DimitriPapadopoulos,30
Dion11235,1
Diwakar-Gupta,3
DominicFox,1
Don86,1
DrGFreeman,1
DraXus,1
DuarteSJ,1
Dutta-SD,1
EFerriss,1
EQt,1
ETay203,1
EdAbati,16
Edern76,1
EdwinWenink,1
EitanHemed,1
ElDeveloper,3
Ellen-Co2,1
EmilyXinyi,8
EricEllwanger,10
ErmolaevPA,1
Erotemic,4
Eschivo,3
EunSeop,1
FERRIA,2
FPGAwesome,1
FarahSaeed,3
FedericoV,7
FelixWick,1
Flimm,3
FlorianWilhelm,63
FollonSaxBass,1
FollowKenny,1
ForrestCKoch,1
Framartin,3
FrancescoCasalegno,1
FrankHui,1
Freija,1
Freshia,2
GKjohns,2
GMarzinotto,1
GaelVaroquaux,1781
Gandagorn,1
Garrett-R,2
GauravAhlawat,1
GauravChoudhay,1
Geoffrey-Paris,1
GeorMurk,1
GeorgiaMayDay,1
GideonSonoiya1,1
Gleekzone,1
GregoireMialon,2
GregoryMorse,1
GuillemGSubies,3
H-Yin,1
H4dr1en,1
HabchiSarra,1
Haidar13,2
Harmanankohli,2
Harry040,1
Harsh14901,1
Harsh2098,2
HashCode55,4
Hashcode-Ankit,2
Hasil-Sharma,1
HayaAlmutairi,1
HayesJohnD,1
Henley13,3
HenriqueProj,1
Hephaest,1
HideakiImamura,1
Higgs32584,23
Hind-M,1
Hoda1394,1
HolgerPeters,1
Honghe,1
HunterMcGushion,1
Icyshaman,2
Iglesys347,5
Ily83,1
InessaPawson,1
InterferencePattern,1
IsaacHaze,1
IsaacTrost,1
Ishan-Kumar2,1
IshankGulati,4
IssamLaradji,1
IvanLauLinTiong,1
IvanSedykh,1
IwonaZ,1
J-A16,2
J-Enblom,1
J0,1
JEHoctor,1
JJmistry,1
JPFrancoia,4
JSchuerz,1
JackLangerman,1
JaehyunAhn,1
JakeCowton,1
James-G-Hill,1
JamesTrick,1
JanFidor,2
JanSellner,1
JarnoRFB,4
JeanKossaifi,30
Jeanselme,1
Jeffrey04,7
JelleZijlstra,1
JeremyNixon,1
JeroenPeterBos,1
JesperDramsch,2
Jessicakk0711,1
JihaneBennis,2
Jim-Holmstroem,10
JinLi711,1
Jitensid,5
JoElfner,1
JoKoum,1
Jofleming,1
JohanWork,1
Johayon,3
JohnBoersma,10
JohnPaton,1
JohnStott,1
JohnathanPi,1
JonathanBanda,1
Jopepato,1
Jorge-C,1
JorgeFCS,1
JosephSM,1
JosephTLucas,1
JuliaSchoepp,1
JulianKahnert,1
JungeAlexander,1
JustGlowing,1
Justin-Huber,1
JustinShenk,1
KPLauritzen,1
KamalakerDadi,4
Kaminyou,1
KanchiMoe,1
KartikChugh,1
Kasre96,1
Kaysera,1
Ken4git,1
KenP97,1
KenitoInc,3
KennedyWaweru,1
Kim-AYoung,1
Kim2212,1
Kirandevraj,1
Kishan-Ved,1
Kislovskiy,2
KjellSwedin,2
Kot271828,1
Kshitij68,2
Kulbear,1
KunjParikh,1
KurumeYuta,1
LSturtew,4
LakshKD,3
LalliAcqua,2
LauraLangdon,1
LaurenzReitsam,1
Laveen-exe,1
LeiG,1
LeoGrin,1
LeonieBorne,1
LilyX2021,1
LisaThomas9,1
LiutongZhou,1
LoHertel,1
Lothiraldan,2
LucieClair,1
LucijaGregov,2
LukasFolwarczny,1
MAnyKey,2
MDouriez,3
MKDJr,1
MLopez-Ibanez,2
MMKrell,2
MMeketon,1
MN193,1
MSHelm,1
Maascha,1
MaggieChege,4
MaiRajborirug,1
Malesche,1
MalteKurz,2
ManishAradwad,1
ManuelLabbe,1
Maocx,1
MarcBresson,1
MarcoGorelli,10
MarcusFra,1
Mariam-ke,2
MarieS-WiMLDS,5
MarkIwanchyshyn,1
MarkyV,2
MartinThoma,1
Marvvxi,1
Masstran,1
Mathews-Tom,13
MattNP,1
MattpSoftware,1
MaxHalford,1
MaximSmolskiy,6
MaxwellLZH,36
Mbompr,2
Mchristos,1
MechCoder,313
Mehgarg,1
MichaelShoemaker,1
MichalKarbownik,1
Micky774,79
MikiPWata,2
MisaOgura,1
MohamedBsh,1
Morikko,1
MotoBenny,1
Mottl,2
MozarellaMan,1
MrMjauh,1
MridulS,1
MrinalTyagi,3
NadimKawwa,1
Naereen,11
Namiya,1
NaokiHamada,1
NarineK,2
NartayXD,1
Nass779,1
Necior,1
NeilBotelho,1
NelleV,234
Neurrone,1
NicholasWon47,1
NickleDave,3
NicolasHug,250
NicolasMillerr,1
NicolasTr,38
NimaSarajpoor,1
Nirvan101,1
Nishikoh,1
No-Doy,1
NolantheNerd,1
NoonienSoong,2
NumberPiOso,1
Nwanna-Joseph,7
OFlanagan,2
OGordon100,1
Okroshiashvili,1
OlehKSS,7
Olks,1
Olle-Lukowski,2
OmarManzoor,61
OnlyBelter,1
PABannier,1
PGijsbers,1
PGryllos,4
PSSF23,6
PandaTinker,1
ParsifalXu,1
Persola,1
PierreAttard,2
Pinky-Chaudhary,5
PranayAnchuri,1
Probinette4,1
PyExtreme,1
QBatista,1
QuadV,2
Quetzalcohuatl,1
Qwasser,1
RMeli,15
ROMEEZHOU,9
RUrlus,1
Rachel-Freeland,1
RachitKansal,1
RachitKeertiDas,1
RafeyIqbalRahman,1
RajatGarg97,1
RamyaNP,2
RankyLau,1
RayOnFire,1
Reddragonemperor58,2
Reksbril,2
RenTrieu,2
RichardScottOZ,1
Rick-Mackenbach,2
Rileran,1
RobRomijnders,1
RobertHGit,1
RoeiKa,1
Roman4oo,1
RomanKosobrodov,1
RonLek,1
RonsenbergVI,1
RoopamSharma,1
RowanMankoo,2
RuchitaGarde,1
RudreshVeerkhare,1
SACHIN-13,1
SaadMahm00d,1
SabriDW,3
Safikh,4
SamAdamDay,4
SamKimbinyi,1
SamStudio8,1
SandroCasagrande,1
SandroEph,2
SangamSwadiK,12
SanjayMarreddi,1
SanthoshBala18,1
SarahRemus,5
SaurabhJha,2
Schefflera-Arboricola,1
ScottMGustafson,1
Scowley4,2
SebastinSanty,8
Sentient07,5
SergioDSR,1
ShanDeng123,9
ShehanAT,4
Shiki-H,1
ShisuiUzumaki,2
Shivachauhan17,4
ShoaibKhan,1
Shooter23,2
Shree7676,2
Shreesha3112,6
Shuyib,2
ShyamDesai,1
SimonCW,1
Sinclert,1
SinghAnkur28,2
SirR4T,2
SkafteNicki,1
SleepyBag,1
SmedbergM,1
Spikhalskiy,1
Sriharsha-hatwar,2
Stamic-kk,1
StefanieSenger,52
StevenMaude,3
StrikerRUS,3
SultanOrazbayev,1
Sundrique,1
SwordKnight6216,1
SylvainLan,4
TFiFiE,1
Tafkas,1
TahiriNadia,2
TakingItCasual,4
TamaraAtanasoska,5
Tech-Netiums,4
Tenavi,1
Terryhung,1
ThatGeoGuy,1
TheAtomicOption,1
TheBicPen,2
TheDevPanda,1
TheisFerre,2
ThomAub,1
Thomas9292,1
ThomasDelteil,1
ThuWangzw,1
Ti-Ion,2
Tialo,44
Timmate,1
TimotheeMathieu,1
Timsaur,2
TiphaineV,1
Titan-C,38
TobiasMadsen,1
TobiasUhmann,1
TomAugspurger,4
TomDLT,113
Trion129,1
TsingQAQ,1
TwsThomas,2
UgoM,1
Ultramann,3
UnixJunkie,1
Unknown,2895
Valavanca,2
Valentin-Laurent,3
VarIr,6
VarunChaduvula,1
VathsalaAchar,3
Veghit,3
Vermeille,1
Vikrant-Khedkar,1
Vincent-Maladiere,19
Vincent-violet,1
VinodKumarLogan,1
VirgileFritsch,82
VladimirFokow,1
Vlasovets,1
WaelBKZ,1
WeatherGod,7
WeijiaDu,1
Whidou,1
Windber,1
X0L,1
XavierSATTLER,3
Xethan,1
Xunius,1
YS-L,2
YasmeenAlsaedy,1
Yinglr,2
Yosshi999,1
YuliaZamriy,2
Yulv-git,1
YusukeNagasaka,1
ZWMiller,1
Zahlii,1
ZaydH,1
ZeeshanLone,13
Zeroto521,1
ZeyuSun,1
Zhdanovich,2
ZhiqingXiao,1
ZiadAmerr,1
aabadie,6
aad1tya,1
aalva14,1
aaron-alphonsus,1
aashil,9
abatula,5
abbiepopa,3
abdulelahsm,1
abenbihi,1
abh1j337,1
abhinavsagar,3
abhinavtps,1
abhishek-jana,1
abhishekkrthakur,3
abhyudaypratap,1
abjer,1
aboucaud,4
absolutelyNoWarranty,1
aby0,1
acadiansith,1
accraze,1
acganesh,5
achab,4
acharles7,3
adam-handke,1
adam2392,31
adamgonzo,1
adamgreenhall,1
adamjstewart,4
adanhawth,1
adelr,1
adienes,1
adijo,1
adijohar,1
aditya-anulekh,1
aditya1702,4
aditya172926,1
adityarg,1
admdemiraj,1
adoublet,1
adpeters,1
adriangb,1
adrinjalali,259
advafaeian,1
advsinha17,1
aesuli,1
affanv14,1
aflanders7,2
aflaxman,4
afonari,1
agamemnonc,8
ageron,5
agileminor,1
agitter,2
agramfort,1085
ahmadjubair33,1
ahojnnes,137
ai8rahim,1
aikinogard,1
airalcorn2,3
aisha-als,1
aishgrt1,2
aivision2020,1
aj-white,2
ajschumacher,8
ajtulloch,4
ak04p,2
akahard2dj,2
akeshavan,1
akikuno,1
akitty,1
akshayah3,16
alanlivio,1
alanpeixinho,1
alanyee,1
albahnsen,1
albertcthomas,33
albertotb,2
albertvillanova,16
albuzenet,2
alceballosa,3
alemagnani,1
alessiamarcolini,1
alexandercbooth,4
alexandracraciun,1
alexanmv,1
alexbrc,1
alexeygrigorev,1
alexfields,1
alexgoryainov,1
alexhenrie,22
alexis-mignon,32
alexitkes,12
alexlenail,2
alexloginov,1
alexmolas,1
alexqiao,1
alexrudy,1
alexshacked,5
alextp,87
alfaro96,82
algo-circle,1
algofrancesca,1
aliddell,1
alielkassas,1
alinealfa,4
allanbutler,1
allefeld,1
allenakinkunle,1
almeidayoel,1
almer-t,1
almet,7
alonsosilvaallende,1
althonos,1
alvaropp,1
alvarouc,1
alxfgh,1
alyssaq,1
aman1971,1
amanp10,1
amay1212,1
ameasure,1
amferraboli,1
ami-GS,1
amidvidy,1
amitalokbera,1
amlankar,1
amourav,1
amrcode,1
amueller,2052
amy12xx,11
analuizaypessoa-zz,1
anamfatima1304,1
anandt555,1
anapaulagomes,1
anashas,1
andaag,1
andersk,1
andreanr,3
andreasgrv,1
andreasvc,1
andreh7,1
andreped,1
andrewclegg,2
andrewcsmith,1
andrewdelong,1
andrewgiessel,1
andyscanzio,1
angela-maennel,1
angelaambroz,2
angus-lherrou,1
anguswilliams91,2
aniruddhadave,1
ankishb,5
ankit-maverick,7
ankurankan,1
annaayzenshtat,1
annegnx,1
annejeevan,1
anntzer,3
anonymousr007,1
ansamz,2
anshbansal,2
antoinebaker,1
antoinewdg,1
antquinonez,1
anuja-kelkar,1
anupamshandilya92,1
aozgaa,1
aperezlebel,2
apw,4
arafatkatze,1
arcAman07,1
arcolife,1
ariddell,2
ariepratama,1
arifqodari,1
arikpamnani,1
arimbr,1
arisayosh,3
arjoly,580
arnaudstiegler,2
arokem,1
arpanchowdhry,1
arthurmello,1
arthurmensch,4
artie93,1
artiemq,3
artificialfintelligence,1
artsobolev,8
arubiales,1
arunavkonwar,1
aryamccarthy,1
as-90,1
asanakoy,1
ash211,1
ashah002,3
ashimb9,1
ashkush,1
ashutosh1919,1
asidwell,1
asishm,1
asnt,2
astaric,5
asubramaniyan,2
atharvapatil123,3
atsetoglou,3
aufarkari,1
avidale,1
avigupta2612,4
avinash-ak,1
avm19,6
aweinstein,1
awinml,14
ayanbag,1
aycignl,1
aymas,19
ayushblaze,1
azihna,18
b-carter,5
b0noI,10
baam25simo,16
baggiponte,1
balodja,1
baluyotraf,1
bangdasun,1
banilo,3
barankarakus,1
barberogaston,1
barrycg,3
barrywhart,1
bauks,1
bayethiernodiop,1
bbuluttekin,1
bburns,1
bcajes,6
bchen1116,1
bcm-at-zama,1
bdevnani3,1
bdholt1,186
bdkearns,1
bdpedigo,2
beatrizsmg,2
behrouz-bakhtiari,1
bellet,4
bendavies,1
benjaminp,1
benjaminwilson,1
benjastudio,1
benlawson,2
berkecanrizai,2
bernhard2202,1
bertrandhaut,1
betatim,80
betterenvi,1
bfgray3,2
bharatr21,23
bhargav,3
bhoomikamadhukar,1
bicycle1885,1
bijilsubhash,2
bioruffo,1
biprateep,3
biswaroopmitra,2
bkunde,1
blagarde,5
blakeflei,1
blynotes,1
bmaingret,1
bmaisonn,5
bmalezieux,1
bmcfee,2
bme-git,1
bmgdc,1
bmreiniger,1
bnaul,3
bnsh,1
bobchennan,1
bodhwani,2
boraxpr,2
boricles,1
borjaayerdi,3
borovikova,1
boyleconnor,1
bradysalz,1
brandonthchen,1
braunmagrin,1
brcharron,2
brdav,1
brendanlu,5
brendo-k,3
brenolf,2
brentfagan,1
brentp,1
brentyi,1
brettcannon,1
brettkoonce,1
briancheung,4
brianrice2,1
brigitteunger,2
brownsarahm,2
bryan-lunt,1
bryan-woods,1
bryandeng,4
bryanyang0528,1
bsilverthorn,3
bsipocz,3
bsmith89,1
bsun94,2
btabibian,8
btdai,1
btel,4
bthirion,85
bucketclan,1
buguen,1
buma,7
bumblebee211196,1
bvsravikiran,1
bvtrach,1
bwignall,11
c-bata,1
c-git,1
c56pony,1
cache-missing,1
caherrera-meli,1
caioaao,2
calvingiles,2
camilaagw,1
camilstaps,1
campustrampus,1
cangermueller,3
captainhaddock18,1
captnTardigrade,1
carlsonp,1
carrillo,1
catajara,2
cathydeng,1
cavorite,1
cbrnr,38
cbrummitt,2
ccatalfo,1
cclauss,1
ccoovrey,1
cdeil,3
cdrig,4
ceh,2
cemoody,1
ceshine,1
cgohlke,5
cgsavard,9
chadykamar,1
chagaz,2
chaitanyamogal,4
chalmerlowe,2
chalulu,1
chang,5
changebo,1
changyaochen,1
charles-zablit,1
charltonaustin,1
chayant,1
chbrandt,1
chebee7i,1
chenhe95,3
chezou,1
chibby0ne,1
chinmayapancholi13,1
chkoar,21
chofchof,1
choldgraf,1
choo8,2
choudharynishu,2
chribsen,1
chrisfosterelli,1
chrisgorgo,2
chrissobel,1
christianbraune79,2
christianwaldmann,1
christopherchoe,1
christopherjenness,1
christopherlim98,1
chrisyeh96,4
chritter,11
chsasank,1
chyikwei,35
cindy-x-liang,1
cjauvin,4
ckastner,5
claramatos,1
clayw,103
cleardusk,1
clemkoa,2
cli248,6
cliffordEmmanuel,2
clmbst,2
clytaemnestra,1
cmarmo,105
cmd-ntrf,5
code-and-tie,1
codeloop,1
codevig,1
coelhudo,1
colin-ni,1
combscCode,3
connortann,2
conradlee,39
conradstevens,1
cool-RR,2
copyconstruct,3
coreylynch,10
corona10,1
corriebar,1
cournape,2
cozek,2
cpa,1
cparmet,1
craetona,1
craigdsthompson,1
creatornadiran,1
crflynn,2
crispinlogan,5
crodjer,1
crypdick,1
csizsek,1
css459,1
csytracy,2
ctw,1
cverrier,3
cvesteghem,1
cwitte,1
cynthias13w,1
d42,1
dachosen1,2
dafeda,1
daien,5
dakl,1
dakotagrusak,2
dallascard,1
dalmia,15
dan-blanchard,2
danfrankj,1
daniel-perry,1
danielbarkhorn,1
danieleongari,1
danielleshwed,1
danielvangelder,1
danifernandes-hub,11
danna-naser,1
danohu,1
daphn3k,2
darioka,2
datajanko,1
datamut,1
david-cortes,4
davidblnc,1
davidbrochart,1
davidcherney,1
davidechicco,1
davidgasquez,1
davidgilbertson,18
davidheryanto,1
davidleon123,1
davidmarek,17
davidpickup,1
davidrobles,3
davidthaler,2
dbeach24,1
dberenbaum,1
dcferreira,1
deargle,1
declo32,1
decorouz,1
deepcharles,1
deeplook,2
deepyaman,2
definitelyuncertain,1
defoishugo,1
denadai2,1
dengemann,3
deniederhut,3
denisgarci,1
dependabot[bot],3
der-Lehmann,1
des137,1
deto,1
devanshdalal,1
devashishd12,13
dfletchermaths,1
dhanus,1
didibz,4
diederikwp,1
diegodlh,1
dillongardner,2
dimazest,1
dinga92,1
discdiver,1
ditenberg,1
divyanshudeoli,1
divyaprabha123,1
djdrack,1
djsutherland,11
djv,1
dkirkby,2
dkobak,2
dlhaar,1
dlindqu3,1
dlitsidis,4
dmallia17,1
dmbee,1
dmedri,1
dmitrylala,5
dmohns,2
dmollaaliod,1
dnouri,20
dohmatob,6
dohrisalim,2
dokato,2
donnemartin,1
dorcoh,1
doshi-kevin,1
doshyt,1
dotsdl,2
doulouUS,1
dpoznik,3
dpwe,1
draix,1
drewhogg,1
drewmjohnston,1
drkatnz,1
drorata,1
dschmitz89,1
dshieble,1
dsleo,1
dstine,2
dsullivan7,82
duarteocarmo,1
dubourg,10
dubstack,7
ducanne,2
duchesnay,34
duckladydinh,1
duckworthd,9
duhaime,1
duongb,1
dvignesh1995,1
dvukolov,1
dwf,21
dylancashman,1
dymil,1
dzisandy,2
e-izdfr,1
eagle-owly,1
eamanu,3
eamartin,1
earino,1
ebsano,1
echasnovski,1
eddbrown,1
eddiebergman,2
edduardoo,1
eden-brekke,1
edenies,3
edran,2
edrogers,1
edvardlindelof,1
edwardcqian,1
edwingrappin,1
efiegel,2
eggie5,1
egkiastas,1
egndz,2
eguenther,1
eickenberg,30
ejcaropr,1
ejklike,1
ekaterinabutyugina,1
elabongaatuo,2
elateifsara,1
elcorto,1
elena-sharova,1
elliott2081,2
eloj,1
elsander,1
eltermann,8
eltociear,1
emarkou,2
embandera,11
emdupre,2
emirkmo,2
emma-carballal,1
emmanuel-ferdman,1
emmanuelle,5
emsrc,3
ephes,2
epimorphic,1
erg,18
ericjster,3
erictleung,1
erikcs,1
erinkhoo,1
erlefloch,1
erodrago,2
esc,1
eschibli,1
eshilts,1
espg,1
esvhd,1
ethanwhite,2
europeanplaice,1
eyast,1
ezebunandu,2
f0k,4
fabi-cast,1
fabianegli,2
fabianp,17
fabio-t,3
fabridamicelli,1
facaiy,2
falaktheoptimist,1
fannix,7
fatimazahraegasmi,1
fatosmorina,1
fayeshine,1
fbchow,3
fbidu,3
fcharras,12
fcostin,9
fdas3213,1
federicopisanu,1
felix-salfelder,1
felixdivo,1
felixglush,1
felixriese,1
fenilsuchak,2
feth,1
fferrin,1
fhaase2,1
fhaselbeck,1
fhoang7,3
fhs,1
filipj8,1
finnoshea,2
fishcorn,4
fkaren27,2
fkdosilovic,8
flaviomorelli,2
flennerhag,1
flowlight0,1
floydwch,1
flukeskywalker,1
flxb,1
fortune-uwha,2
foxik,1
fraboeni,1
francesco-tuveri,1
francoisgoupil,2
francolq,1
frankier,1
franslarsson,49
franzwr,1
frexvahi,1
fridiculous,2
frrad,2
frsi,1
fsav,2
fsiola,1
ftorres16,2
fuglede,1
fujiaxiang,3
fujiyuu75,1
fukatani,1
furukama,1
futurewarning,1
fx86,1
fzalkow,9
g-walsh,1
g4brielvs,9
gaborberei,1
gaborkertesz,1
gabrielecalvo,1
galtay,1
galv,6
gamazeps,2
gamebusterz,1
ganevgv,1
garyForeman,2
gasagna,1
gatagat,1
gauravkdesai,1
gbolmier,3
gchers,1
gclenaghan,3
gdex1,1
gedeck,1
genvalen,64
genziano,1
geofft,1
geoninja,1
georgipeev,2
geroldcsendes,1
getgaurav2,2
gforsyth,1
gfournier,1
ggc87,1
gglanzani,1
ggrrll,1
ghisvail,1
gholdman1,1
gimseng,1
gio8tisu,1
gionanide,1
giorgioangel,1
giorgiop,2
gitdoluquita,2
gittar,1
gittasche,1
gjreda,1
gkevinyen5418,1
glemaitre,604
glennfrutiz,2
glennq,3
glevv,11
gloriamacia,4
glouppe,936
go-bears,1
gojomo,1
goncalo-rodrigues,1
gpablo6,1
gpapadok,2
greatsharma,1
greg-mogavero,1
gregorybchris,1
gregorystrubel,1
grenoya,1
greyisbetter,5
grlee77,1
groceryheist,1
gsganden,1
gsheni,1
gszpak,2
gte620v,1
gu1show,1
gui-miotto,1
guillaume-chevalier,1
guiniol,1
guitared,1
guiweber,1
gunesbayir,1
guoci,1
gusennan,1
gustavo-ren,3
gustavodemari,2
guyrt,4
gvacaliuc,1
gwarmstrong,1
gxyd,8
h10r,1
h4iku,1
habi,1
hafnerfe,1
haiatn,9
hailey0huong,1
hakaa1,1
hallr,1
halsawadi,1
halwai,1
hammer,2
hamogu,1
hamsal,82
hannahbrucemacdonald,1
hannawallach,2
hansinahuja,1
haochuanwei,1
haochunchang,8
haoranShu,1
happilyeverafter95,2
har777,1
haroldfox,1
harrismirza,1
harrymvr,2
harryscholes,1
harsh020,4
harshit5674,1
harupy,6
hasan-yaman,2
hassaanseeker,1
hbenedek,1
hbertrand,1
hbredin,8
hcars,1
hdmetor,1
he7d3r,4
helper-uttam,1
henrymooresc,3
herilalaina,9
hermidalc,1
hhnnhh,3
hhu-luqi,1
himankunaw,1
hiqua,1
hiramatsuyuusuke,2
hirzel,1
hiteshsom,1
hjung0,1
hkennyv,1
hlin117,41
hmaarrfk,1
hmasdev,1
hnykda,2
hobson,1
hoffm386,1
hongkahjun,1
hongshaoyang,8
hossein-pourbozorg,2
houbysoft,2
hrishikeshio,7
hristo-vrigazov,1
hristog,2
hrjn,4
hs-nazuna,5
hsalamin,1
hsorsky,1
hsuantien,8
htsedebenham,2
huangk10,1
hugobowne,8
hugolmn,1
hugorichard,1
hugovk,1
hujiahong726,1
hunan-rostomyan,1
hvassard,1
hxyue1,1
i-aki-y,3
i-am-xhy,1
iArunava,2
iKevinY,1
iabhi7,1
iampat,1
iamprakashom,1
ianozsvald,3
iansan5653,2
iasoon,6
ibayer,72
icfaust,1
ichko,1
icoder18,3
icsaas,1
icyblade,1
idomic,1
ihaque,7
ijpulidos,1
ikeadeoyin,2
ikedaosushi,1
ilam,6
ilos-vigil,1
imaculate,3
impaktor,1
inclusive-coding-bot,1
indecisiveuser,2
inder128,1
indianajensen,1
ingeliza,1
ingrid88,3
invalid-email-address,13
invisibleroads,2
ioangatop,1
iofall,3
ionicsolutions,1
irene000,2
irogi,1
isaacknjama,4
isakjovic,1
ishaanb92,1
isms,1
isunitha98selvan,1
isuruf,1
it176131,2
iteachmachines,1
itsabhishekhere,1
itsaphel,1
ivallesp,1
iver56,1
ivirshup,2
iwhalvic,1
iworkist,1
ixjlyons,3
j0rd1smit,1
j1c,1
j2heng,2
j3nnn1,3
ja9harper,1
jaberg,27
jack-mcivor,1
jackbowyer,1
jackzyliu,3
jacquerie,2
jaglima,4
jaidevd,1
jaketae,3
jakevdp,346
jakharrahul000,1
jakirkham,26
jalexand3r,2
jameslamb,1
jamesmyatt,1
jamesroutley,1
jamestwebber,3
jamoque,1
jannab,1
janniks,1
jansoe,1
janvanrijn,6
jaquesgrobler,362
jarfa,2
jaroslaw-weber,1
jarrodmillman,3
jaskola8,1
jasmainak,1
jasonjg,2
jasonlaska,2
jatinshah,2
jayasuryajsk,1
jayybhatt,1
jayzed82,1
jbearer,1
jbednar,1
jblackburne,10
jbn,1
jbsilva,1
jcainey,1
jchazalon,1
jcusick13,3
jdethurens,1
jdoepfert,2
jdsuryap,1
jdwittenauer,2
je-kr,1
jeff-mettel,2
jeff1evesque,1
jeremiedbb,406
jereze,1
jeroko,1
jeromedockes,12
jess010,2
jessicayung,1
jfbeaumont,1
jfraj,3
jhelie,1
jhlegarreta,4
jiawei-zhang-a,24
jigna-panchal,1
jilljenn,1
jim0421,1
jimmywan,1
jindalpankaj,1
jinkunw,1
jiwidi,1
jjabl,1
jjerphan,132
jjhelmus,1
jkarno,5
jkarolczak,1
jkleint,1
jlcx,1
jloayza10,1
jmargeta,1
jmarintur,1
jmehault,1
jmloyola,61
jmmcd,3
jmschrei,10
jmwoloso,2
jnboehm,1
jnhansen,2
jnothman,775
joaak,1
joanaz,1
joaocmd,1
joaovitormascarenhas,1
joaquinvanschoren,1
joclement,2
joernhees,1
johannah,11
johannfaouzi,7
johncant,1
johncollins,3
johnthagen,1
jona-sassenhagen,2
jonaschn,1
jondo,1
jonnor,1
joonazzz,3
jorahn,2
jordisoler,1
jorisvandenbossche,31
joseortiz3,2
josephsalmon,7
josericardo,1
joshloyal,3
joshuacook,1
joshuacwnewton,3
jovan-stojanovic,1
jpangas,6
jpcars,1
jpienaar-tuks,2
jpreiss,1
jrbourbeau,10
jrfiedler,4
jrouly,1
jsamoocha,1
jschendel,2
jseabold,4
jsilke,5
jstriebel,2
jtdoepke,1
juanfe88,2
judithabk6,4
julesjulian,1
julian-8897,1
juliathebrave,1
julibeg,1
julien-c,1
julienaubert,1
julietcl,1
julyrashchenko,1
jumon,1
justhalf,1
justinvf,19
justmarkham,12
jvesely,1
jwkvam,7
jygerardy,1
jzwinck,1
k0pernicus,1
ka00ri,2
kachayev,1
kaczmarj,1
kadatatlukishore,1
kaicheng,1
kaichogami,5
kain88-de,3
kalaidin,1
kamiyaa,1
kamua,1
kanielc,3
kanikas3,2
kanissh,11
kapytaine,1
karen-pal,2
kashif,1
kasmith11,3
kastnerkyle,42
kataev,1
katarinaslama,2
katelie,1
kathyxchen,2
katrinleinweber,2
kaushik94,3
kaushikroychowdhury,1
kaushlakers,1
kaylani2,1
kcarnold,4
kcetina-fujitsu,3
kellycarmody,1
kemaleren,100
kensac,1
kernc,13
kesshijordan,3
kevin-coder,1
kevmo,2
kevroi,1
keyber,1
keyianpai,1
kfrncs,2
kgeis,4
kgilliam125,4
kiaderouiche,1
kianelbo,14
killthekitten,1
kingjr,1
kiote,3
kirillbobyrev,3
kirilldolmatov,1
kirisakow,1
kishimoto-banana,1
kjacks21,4
kkatottn,2
klaurent83,1
klieret,1
kluangkote,3
kmatt10,1
kmike,31
kms15,1
kno10,13
kobaski,1
koenvandevelde,1
kohakukun,3
kondratyev-nv,1
konstantinos-p,1
kots14,1
koushikjoshi,1
kp1302,1
kputnam,2
kpysniak,3
kraktus,1
krazedkrish,1
krishnachaitanya7,1
krishnakalyan3,4
krishnakatyal,1
krishnakoumar27,1
kronosapiens,3
krstopro,1
krumeto,2
krumetoft,2
ksemb,1
kshitijkapadni,1
kshmelkov,1
ksivaman,1
ksslng,3
kstoneriv3,3
ktisha,1
kungfudeuce,1
kushalchauhan98,1
kwgoodman,3
kwinata,4
kwinkunks,1
kxytim,1
kykosic,1
kyleabeauchamp,12
kylerbrown,1
kyouma,1
lacouth,2
lacrosse91,1
lagvier,2
lakrish,1
lamdang2k,7
larsmans,1262
larsoner,6
laurburke,1
laurentluce,1
lazarust,1
lazywei,1
lbfin,2
lbittarello,1
ldirer,13
ldwy4,1
leepei,1
leereeves,1
legitishan,1
leighton613,1
lemonlaug,1
lemurey,1
lene,1
leonardbinet,2
leonardorocc0,1
leonpalafox,1
leopoloc0,1
leosartaj,1
leouieda,1
lesnee,1
lesteve,475
levy5674,1
lexmsl,2
lgeiger,1
li1127217ye,1
liamge,1
likang7,2
likeajumprope,1
lingyigt,1
linus-md,6
lisacsn,1
lithomas1,3
lithuak,1
lizsz,1
ljwolf,2
lkemkes,1
lkjcalc,1
lkubin,1
llimllib,1
lmatthieu,2
lmcinnes,7
lmichelbacher,3
lobpcg,5
lodurality,5
loftiskg,1
loganthomas,2
logc,1
lohitslohit,1
loldja,1
londumas,1
loopyme,1
lopeLH,1
lopusz,6
lorentzbao,5
lorentzenchr,134
lostanlen,1
lostcoaster,1
louib,1
louisguitton,1
louishuynh,1
louridas,2
lpierron,1
lpsilvestrin,1
lqdc,2
lrjball,4
lrwagner,1
lschwetlick,2
ltiao,3
luang008,1
lucaionescu,1
lucaswiman,1
lucgiffon,1
lucianoviola,1
lucidfrontier45,34
lucyleeow,143
ludwigschwardt,1
luispedro,5
luk-f-a,1
lukemcraig,1
lumtvn,1
lutzroeder,1
luxedo,2
ly648499246,1
lynchkl,1
lzlarryli,1
m-clare,2
m-maggi,3
m-sche,1
m1so,1
m7142yosuke,1
maawoo,1
mabdelaal86,1
mabelvj,3
mabu-dev,1
madelgi,1
madhuracj,10
madinak,1
maftabali,1
magalimorin18,1
magda-zielinska,1
magnusbarata,1
maheshakya,58
maikia,33
mail-liam,1
maithuvenkatesh,1
majauhar,1
makoeppel,1
makokal,2
maksymborukh,1
maliozer,1
manasimj,1
mandalbiswadip,1
mandjevant,8
mani2106,7
maniteja123,11
manrajgrover,1
mansi1597,2
manu-chroma,4
manuel-morales-a,1
map222,2
marcozzxx810,1
marctorsoc,4
marekhanus,1
marenwestermann,39
maresb,1
mariaboerner1987,1
marielaraj,1
marielledado,2
marijavlajic,1
marimeireles,1
marineLM,1
mario-at-intercom,1
mark-thm,1
markbao,1
markhannel,1
markotoplak,1
markroth8,1
marktab,1
marrodion,1
martin-hahn,2
martin-kokos,2
martin0258,2
martina-zxy,1
martinagvilas,2
martinbjeldbak,1
martinoywa,5
martintb,1
maskani-moh,8
massich,16
mathcass,1
mathieu-sabatier,2
mathschy,1
mathurinm,14
matiasrvazquez,3
matthew-brett,2
matthewfeickert,1
mattilyra,5
maurapintor,1
mauroantonioserrano,1
maxcopeland,3
maxi-marufo,1
maximeSaur,1
maxwell-aladago,1
mayer79,1
maykulkarni,3
mbatchkarov,4
mbatoul,3
mbillingr,5
mblondel,779
mbrucher,1
mc4229,1
mcalcote,1
mchikyt3,1
mdarii,1
mdbecker,2
mdezube,1
mdhaber,1
mdhornstein,1
mdomarsaleem,1
mdruiter,1
mecopur,1
meetnaren,2
mehdidc,1
mehmetcanakbay,1
mehrdadmoradii,1
mekman,2
melemo2,4
melgoetz,1
melsyt,1
mepa,1
merrcury,1
meyer89,1
mfcabrera,1
mferrari3,1
mfeurer,3
mgaido91,1
mghah,3
mheilman,2
mhham,1
micahjsmith,1
michaelmccutchen,2
michaelshiyu,1
michalkrawczyk,2
michen00,2
michigraber,25
michpara,1
midinas,2
miguelbarao,1
miguelcsilva,5
mih,1
mikeaalv,2
mikebenfield,2
mikeonly,1
miki725,1
miladsade96,1
milana2,1
millawell,1
mina1987,1
minggli,5
minghui-liu,5
miniyou,1
mirca,1
mitar,2
miwojc,1
mizu-ki,1
mjbommar,51
mjkanji,2
mjmikulski,1
mk-kang1,2
mknz,1
mkrump,2
mlant,4
mlewis1729,1
mlliou112,1
mlondschien,7
mloning,2
mmaker,1
mmhamdy,1
mobigelow,1
mohamed-ali,4
mohamed-khoualed,1
mohaseeb,6
mohitrbhardwaj,1
moibra,1
mojc,1
mokwilliam,1
mooz,1
moritzwilksch,1
motmoti,1
moutai,3
mozgit,1
mpoemsl,2
mppaskov,1
mrandrewandrade,1
mrastgoo,2
mrbeann,4
mrjbq7,11
mrleu,1
mroeschke,2
mrorii,1
mrshu,10
mrterry,1
mschaffenroth,1
mscherer,1
msgomez06,1
mslapek,1
mspacek,2
mszep,1
mth4saurabh,7
mthorrell,2
mtsokol,6
muayyad-alsadi,1
muellermarkus,1
munk,1
muokicaleb,6
muradsalahi,3
murata-yu,2
murezzda,1
musically-ut,5
mvdoc,19
mwestt,1
mwurps,1
myenugula,1
nadya-p,1
nalepae,1
naman1608,3
nannau,1
nanshanli,1
naoise-h,2
naoyak,17
naozin555,2
napetrov,1
napoles-uach,1
napsternxg,1
narendramukherjee,1
narendrasinghdangi,1
nastegiano,1
nat-salt,1
natashaborders-zz,1
nateGeorge,1
nathansquan,1
naziya-19,1
nbrown-ScottLogic,1
ndawe,142
ndingwall,1
nealchau,5
neerajgangwar,2
neinkeinkaffee,2
nelson-liu,49
neo01124,1
netomenoci,1
nezar-a,1
nfultz,1
ngoix,19
ngoldbaum,1
ngonthier,1
ngshya,1
nicholas-fwang,1
nickypie,1
nico-stefani,1
nicodv,1
nicolafan,1
nicolamontecchio,1
nicolasservel,1
niedakh,1
nielsenmarkus11,1
nihal-rao,2
nik-sm,1
nik1097,2
nikJ13,1
nikita-jare,1
nikitasingh981,2
nilichen,4
nils-werner,1
nima10khodaveisi,1
nithish08,2
nitinramvelraj,1
nityamd,1
nixphix,7
nixtish,1
nizhib,1
njj67229,1
njkevlani,1
njwilson,7
nk412,1
nlw0,1
nmayorov,21
nnadeau,3
nnlnr,1
noashin,2
noatamir,1
noelano,1
nogilnick,1
nok,3
norbert,1
norbusan,3
norgera,1
norvan,2
notPlancha,1
notmatthancock,2
novaya,2
npache,1
npatta01,1
npinto,10
nsheth12,2
nsuh,1
nuka137,7
nvavrova,1
nwzish,1
nxorable,1
nymarkkho,2
nzer0,1
nzw0301,2
o-holman,1
o1iv3r,1
oddskool,95
ogrisel,2504
ohadmich,2
ohe,2
ohld,3
oj-lappi,1
ojoaomorais,6
okbalefthanded,1
okz12,1
olegstikhin,1
oleksandr-pavlyk,13
oliblum90,1
olicairns,1
oliverrausch,1
olologin,11
olszewskip,2
omtarful,1
orenmn,3
orestisfl,1
osaid-r,1
osdf,17
osmantamer,1
otizonaizit,1
oulenz,1
ouss1508,1
ovenpickled,1
ovynnej,1
pabloduque0,1
pakallis,1
palnabarun,1
panangam,1
panda5176,1
panpiort8,1
panzhufeng,1
paolo-losi,38
paoloturati,1
papaonlegs,1
pardeep-singh,2
parsons-kyle-89,1
partev,4
parthivapsani,1
partmor,1
pasbi,1
patel-zeel,1
patrick1011,1
patrickctrf,1
patrickkwang,1
paulgb,1
paulo-smcs,2
paulochf,1
pavopax,3
paw-lu,1
pberkes,22
peay,1
pedro-w,1
pedugnat,4
pelennor,1
perimosocordiae,17
pestrickland,3
petebachant,1
peter-dye,1
peterjc,1
petrizzo,1
pganssle,1
pgervais,32
phausamann,3
philipp-jung,1
philsupertramp,1
pianomania,5
pibieta,2
pidefrem,1
piebro,1
pierreablin,1
pierreglaser,5
pierretallotte,2
pieteradejong,1
pietruh,1
pignacio,4
pimdh,1
pinakinathc,2
pinkgoldpeach,1
pjbull,1
pjknkda,1
plagree,1
plbecker,1
pldtc325,1
plgreenLIRU,2
pli482004,1
plon-Susk7,1
pm155,1
pmarko1711,2
pmli,1
pnb,1
pnucci,1
polmauri,1
pooja-subramaniam,4
poorna-kumar,3
postmalloc,4
ppiont,1
pplonski,1
pprett,860
ppuggioni,1
practicalswift,1
pramodatre,1
pratapvardhan,2
praths007,3
pravarmahajan,2
precondition,1
priyansh16,1
prodingerd,1
proinsias,4
psendyk,1
psorianom,1
pspachtholz,3
psteinb,2
pstjohn,1
ptocca,1
puhuk,2
pujaltes,1
pulkitmaloo,1
pulkitmehtawork,1
puneetmathurDS,1
punndcoder28,6
purna135,3
putschblos,2
pv,1
pvnguyen,1
pwalchessen,1
pwgerman,1
pylaterreur,1
qbarthelemy,3
qdeffense,4
qinhanmin2014,264
qmarcou,1
qmick,3
quangngd,1
queqichao,4
qzhang90,1
r-barnes,1
r-build,3
raamana,1
rachel-fischoff,1
rachelcjordan,1
rachittoshniwal,1
radarhere,1
raduspaimoc,1
rafacarrascosa,1
raghavrv,140
raghuveerbhat,1
rahiel,1
rahulsm27,1
rainwoodman,1
raisadz,2
raj-pulapakura,2
rajatkhanduja,5
rajdeepd,2
rajendraarora16,2
ralexx,1
rammig,1
ramvikrams,1
rand0wn,4
randolf-scholz,1
randomgeek78,3
ranjanikrishnan,1
raph333,1
raphael0202,1
rasbt,19
rashchedrin,1
raulgarreta,5
rauwuckl,1
ravicodelabs,2
ravwojdyla,1
raybellwaves,3
rcap107,1
rcwoolston,1
rdboyes,1
rebeccabilbro,1
rebekahkim,3
recamshak,2
rehanguha,1
reiinakano,4
remilvus,1
remram44,1
remyleone,14
renaissance0ne,1
reshamas,22
rgbkrk,1
rgommers,7
rhelmeczi,2
ricardojnf,2
richardklima,1
richardt94,6
richford,2
rick2047,2
rickiepark,5
ricmperes,1
rishi1999,1
rishikksh20,10
ritalulu,1
ritchieng,1
rithvikrao,1
rjuer,2
rlamy,1
rlms,3
rlmv,13
rmax,1
rmcgibbo,8
rmenuet,2
robertcrockett,1
robertlayton,233
robertwb,2
robinschucker,1
robinthibaut,1
robna,1
rod-rom,3
rodneyosodo,2
rohan-paul,1
rohan-varma,1
rok,1
rolisz,2
romanlutz,2
ronnix,3
ronw,63
roryhr,1
rossbar,4
rprkh,47
rragundez,1
rrohan,1
rsanjabi,1
rsivapr,2
rsmith54,1
rsnegrin,1
rst0git,1
rtavenar,1
rth,134
rtlee9,4
rubik,3
rubywerman,4
rusdes,5
rushabh-v,6
rushter,1
rwaithera,1
rwelsch427,1
rwolst,1
ryanking13,1
ryanyu9,2
s-banach,2
s4chin,1
s8wu,16
sabba,6
sadakmed,6
sadra-barikbin,1
sagnibak,1
saiwing-yeung,3
saket404,1
saketkc,4
sakinaOuisrani,2
sam-dixon,1
sam-s,1
sam09,1
samanemami,1
samdbrice,1
sameshl,21
sami-ka,1
samj1912,1
samronsin,5
samsontmr,1
samuela,1
samueljamesbell,1
samuelstevens,1
samuelstjean,4
samwaterbury,4
sanjail3,1
saqibns,1
sashkaw,1
satishjasthi,1
satra,58
saurabhg476,1
saurabhkankriya,1
sbehren,2
scaja,1
scalyvladimir,1
scharron,1
schmee,1
schuderer,1
scibol,1
scikit-learn-bot,138
scls19fr,2
scooler,1
scottclowe,3
scottgigante,2
scottgigante-immunai,1
scouvreur,2
sdegryze,6
sdenton4,4
sdicker8,3
sdpython,4
sds-dubois,1
sdvillal,1
seamusabshere,1
seanbenhur,2
seanpwilliams,1
searchforpassion,1
sebastiandres,1
seberg,3
sebp,4
sec65,1
seljaks,1
seoeunHong,1
seowyanyi,2
serega,1
sergeyf,15
sergeyk,2
sergiopasra,5
sergulaydore,6
shadyelgewily-slimstock,1
shagunsodhani,1
shail2512-lm10,1
shanmuga-cv,1
sharad-vm,1
sharanry,1
sharmadharmpal,1
shashanksingh28,1
shawpan,2
shaymerNaturalint,1
shaz13,2
she-dares,2
shellyfung,4
shengxiduan,1
shenhanc78,1
shinehide,1
shinnar,1
shivam-kotwalia,1
shivamgargsya,4
shogohida,2
shotat,1
shoyer,1
shrankhla20,2
shrev,1
shroffp05,1
shubchat,1
shubhalgupta,1
shubhambmehta,1
shubhamparmar1,1
shubhraneel,1
shuckle16,1
siavrez,11
sid-kap,2
sidgupta234,3
siftikha,2
simon-pepin,2
simonamaggio,7
simonandras,4
sincekmori,1
sinhrks,2
sjackman,1
sjtrny,2
skailasa,1
skeller88,2
sklearn-ci,1
skrish13,1
slackito,1
slattarini,1
slishak,1
smarie,8
smedinaw4l,1
smith558,2
smoitra87,17
smola,1
smujjiga,2
snath-xoc,2
snuderl,1
solegalli,1
sonnivs,1
sortofamudkip,13
sotte,1
souravsingh,3
sperret6,1
spikebh,4
sply88,4
sqali,1
srajanpaliwal,1
srcole,1
srinathreddychitteti,1
srivatsan-ramesh,4
srthiru,1
srvanrell,2
ss-is-master-chief,1
ssaamm,1
sseg,5
sshleifer,3
ssktotoro,1
sstalley,1
stanleyjs,1
staple,1
star1327p,18
stareh,1
staubda,4
stefan-matcovici,2
stefanv,3
stefmolin,29
steinfurt,3
stellalin7,2
step21,1
stepan-srsen,2
steph-query,1
stephanecollot,1
stephen-hoover,3
stephendavidmarsh,1
stes,1
stestagg,1
stevekochscience,1
steven2358,1
stevendbrown,1
stevenkolawole,1
stevetjoa,1
stevezhang1999,1
stootoon,1
strivn,2
strixcuriosus,1
stsievert,1
stuppie,1
sturlamolden,1
subrat93,1
suhasid098,1
superbobry,4
surgan12,1
svenevs,1
svenstehle,5
swapniljha001,1
swierh,1
swoh816,1
swpease,1
syashakash,2
syhw,23
sylvinus,2
symeneses,2
syonekura,1
t-jakubek,1
t-kusanagi,1
t-lanigan,1
t-pfaff,1
tabeak,1
tacaswell,3
taehoonlee,12
taion,1
takoika,4
talgatomarov,1
tamesps,1
tamirlan1,1
tanjina-hub,1
taranjeet,1
tarcusx,1
tashay,1
tataganesh,2
taylorkm,1
tbenjamin-pl,1
tbonald,1
tboucher,1
tdhopper,1
tejesh0,1
temporaer,2
teonbrooks,1
terencehonles,2
terrycojones,1
teunpe,1
tfolkman,1
tgsmith61591,1
tguillemot,18
th0rwas,1
thatgeeman,2
the-syd-sre,1
theavey,1
thebabush,1
thechargedneutron,12
thedrow,1
thehomebrewnerd,1
themrmax,14
theofpa,1
theoptips,2
theotheo,1
theriley106,1
thibsej,1
thijs-vanweezel,1
thinkcache,1
thomasjfox,1
thomasjpfan,907
thouis,4
tiagofrepereira2012,1
tianchuliang,2
tijanajovanovic,1
timbicker,2
timgates42,1
timnon,1
timokau,1
timstaley,1
timvink,2
tirthasheshpatel,6
tituschristian,1
tjanez,17
tkamishima,3
tliu68,1
tmct,1
tnakae,2
tnunes,6
tnwei,2
toastedcornflakes,4
tobycheese,1
tolaa001,2
tom1092,1
tomMoral,13
tomasmoreyra,1
tomiock,1
tomlof,1
tommydino93,1
tommyod,3
tongyu0924,1
tonygeorge1984,1
top-on,1
topisan,1
tpatzelt,1
tq0,1
tracer0tong,2
trbedwards,2
trevorstephens,34
trewaite,1
trhughes,1
trimeta,1
trishnendu,1
trujillo9616,1
tsdlovell,1
tshauck,1
tspeng,3
tsuga,1
tsukar,1
ttang131,2
tttthomasssss,3
tuevo21,1
tuhinsharma121,2
tuliocasagrande,2
tuscland,3
tusharparimi,1
tvdboom,1
twangnyc,1
twolodzko,1
twosigmajab,3
tylerjereddy,1
tzano,2
uatach,1
uditgt,1
ufmayer,1
ugurcaliskan,2
ulturt,1
ulupo,1
untom,35
urvang96,2
vachanda,2
vadim-ushtanit,1
vandana-iyer,1
varunagrawal,2
varunjain3,1
varunkumar-dev,3
varunshenoy,1
veeara282,1
veerlosar,3
vene,775
venkyyuvy,17
venthur,1
verakye,3
vermouthmjl,1
vharavu,1
victoirelouis,3
vighneshbirodkar,15
viirya,1
vijethmoudgalya,1
vinayak-mehta,19
vinc456,1
vincentpham1991,4
viniciusriosfuck,3
violetr,1
virajmavani,1
virchan,1
vishaalkapoor,1
vitaliset,7
vivekk0903,5
vjcitn,1
vjoshi253,1
vlasisva,1
vmarkovtsev,1
vnavkal,3
vnherdeiro,1
vnmabus,1
vpoughon,1
vqean3,1
vreyespue,4
vrishank97,5
vruusmann,3
vstolbunov,2
vvkrddy,1
w4bo,1
wadawson,1
waelbenamara,1
waijean,1
walachey,1
walk-to-work,1
wallygauze,3
wangz10,5
warut-vijit,1
watchtheblur,1
waterponey,6
wattai,1
wchathura,1
wconnell,1
wd60622,1
wdevazelhes,18
webber26232,2
weber-s,1
wehlutyk,2
weijianzz,1
weilinear,109
welch,1
welinder,2
wendyhhu,2
wenh06,1
wenliwyan,1
wesbarnett,3
wgyn,1
while,1
whiletruelearn,2
whitews,1
wildwoodwaltz,1
will7142,1
willdarnell,1
willduan,1
willingc,7
willpeppo,2
windiana42,1
wlamond,2
wmvanvliet,1
wolframalpha,1
work-mohit,11
wowry,1
wyseguy7,1
x-martian,1
x110,3
xavierbeltran,4
xcjason,2
xhan7279,1
xi-jiajun,1
xiaoyuchai,1
xinyuliu12,1
xor,1
xuefeng-xu,13
xuewei4d,8
xuhdev,1
xun-tang,2
xyguo,2
yadav-sachin,1
yagi-3,2
yamins81,14
yang-zhang,1
yangarbiter,1
yanhong-zhao-ef,1
yanlend,18
yareyaredesuyo,1
yarikoptic,46
yarkhinephyo,3
yashika51,2
ycjuan,4
yelite,1
yenchenlin,35
ygivenx,1
yhtang,1
yimingli,1
yiyangq,3
yl565,2
ymazari,1
yml,2
yoch,1
yoni,1
yotamcons,1
ysunmi0427,1
yuanx749,29
yufengg,1
yuki-koyama,1
yukuairoy,2
yupbank,3
yusufraji,1
yxiong,1
yzhenman,1
zaccharieramzi,1
zachmayer,1
zacstewart,1
zadilkhwaja,6
zarch,1
zaxtax,37
zaznaczony,1
zdgriffith,3
zempleni,3
zeppe,1
zermelozf,2
zhaofeng-shu33,4
zhenfelix,1
zhengqm,1
zhengruifeng,4
ziky90,2
zioalex,1
zitorelova,5
zjpoh,8
zoj613,1
zorroblue,3
zouharvi,1
ztultrebor,1
zuggernautt,1
zxcvbnius,1
zyrikby,1
zyv,1
